experiment_id,sample,sequence,sent_at_ms,rtt_ms,srtt_ms,status
baseline,1,1,15.182,5.559,5.559,received
baseline,2,2,216.886,0.393,4.913,received
baseline,3,3,415.487,0.620,4.377,received
baseline,4,4,616.416,1.240,3.985,received
baseline,5,5,815.642,0.394,3.536,received
baseline,6,6,1016.195,0.335,3.136,received
baseline,7,7,1215.876,0.275,2.778,received
baseline,8,8,1415.039,0.321,2.471,received
baseline,9,9,1616.875,0.295,2.199,received
baseline,10,10,1815.407,0.313,1.963,received
baseline,11,11,2016.644,0.267,1.751,received
baseline,12,12,2215.927,0.329,1.573,received
baseline,13,13,2415.626,0.277,1.411,received
baseline,14,14,2616.567,0.274,1.269,received
baseline,15,15,2815.851,0.242,1.141,received
baseline,16,16,3014.615,0.366,1.044,received
baseline,17,17,3215.205,0.180,0.936,received
baseline,18,18,3416.107,0.448,0.875,received
baseline,19,19,3616.326,0.167,0.786,received
baseline,20,20,3815.802,0.190,0.712,received
baseline,21,21,4016.054,0.200,0.648,received
baseline,22,22,4215.289,0.849,0.673,received
baseline,23,23,4416.220,0.214,0.616,received
baseline,24,24,4615.846,0.334,0.580,received
baseline,25,25,4815.033,0.200,0.533,received
baseline,26,26,5015.908,0.238,0.496,received
baseline,27,27,5215.960,0.262,0.467,received
baseline,28,28,5415.305,0.245,0.439,received
baseline,29,29,5615.834,0.289,0.420,received
baseline,30,30,5816.005,0.183,0.391,received
baseline,31,31,6015.746,0.224,0.370,received
baseline,32,32,6215.606,0.241,0.354,received
baseline,33,33,6414.851,0.157,0.329,received
baseline,34,34,6615.692,0.236,0.317,received
baseline,35,35,6816.022,0.200,0.303,received
baseline,36,36,7015.842,0.184,0.288,received
baseline,37,37,7215.329,0.200,0.277,received
baseline,38,38,7416.407,0.265,0.275,received
baseline,39,39,7615.435,0.209,0.267,received
baseline,40,40,7815.991,0.153,0.253,received
baseline,41,41,8015.037,0.247,0.252,received
baseline,42,42,8215.117,0.159,0.241,received
baseline,43,43,8415.529,0.334,0.252,received
baseline,44,44,8614.767,0.135,0.238,received
baseline,45,45,8814.978,0.152,0.227,received
baseline,46,46,9016.536,0.292,0.235,received
baseline,47,47,9215.741,0.287,0.241,received
baseline,48,48,9415.723,0.154,0.231,received
baseline,49,49,9616.296,0.286,0.237,received
baseline,50,50,9815.758,3.040,0.588,received
delay_50,1,51,9830.790,55.110,55.110,received
delay_50,2,52,10033.073,52.641,54.801,received
delay_50,3,53,10233.253,52.013,54.453,received
delay_50,4,54,10432.357,51.883,54.132,received
delay_50,5,55,10633.935,52.214,53.892,received
delay_50,6,56,10833.032,51.175,53.552,received
delay_50,7,57,11033.650,51.180,53.256,received
delay_50,8,58,11231.905,52.266,53.132,received
delay_50,9,59,11431.990,51.232,52.895,received
delay_50,10,60,11632.682,52.437,52.837,received
delay_50,11,61,11832.874,52.372,52.779,received
delay_50,12,62,12033.291,50.872,52.541,received
delay_50,13,63,12231.502,51.617,52.425,received
delay_50,14,64,12431.742,52.305,52.410,received
delay_50,15,65,12631.926,52.354,52.403,received
delay_50,16,66,12833.534,52.518,52.418,received
delay_50,17,67,13033.541,52.315,52.405,received
delay_50,18,68,13232.522,51.952,52.348,received
delay_50,19,69,13432.789,50.593,52.129,received
delay_50,20,70,13632.957,52.479,52.173,received
delay_50,21,71,13832.481,52.338,52.193,received
delay_50,22,72,14033.206,52.361,52.214,received
delay_50,23,73,14233.414,52.494,52.249,received
delay_50,24,74,14433.495,52.348,52.262,received
delay_50,25,75,14633.459,52.489,52.290,received
delay_50,26,76,14833.035,52.198,52.278,received
delay_50,27,77,15033.628,50.880,52.104,received
delay_50,28,78,15233.127,51.568,52.037,received
delay_50,29,79,15433.323,52.485,52.093,received
delay_50,30,80,15631.995,52.273,52.115,received
delay_50,31,81,15833.803,51.344,52.019,received
delay_50,32,82,16032.431,50.444,51.822,received
delay_50,33,83,16233.084,52.287,51.880,received
delay_50,34,84,16433.284,52.248,51.926,received
delay_50,35,85,16632.857,52.272,51.969,received
delay_50,36,86,16831.494,51.316,51.888,received
delay_50,37,87,17032.071,51.274,51.811,received
delay_50,38,88,17232.337,52.366,51.880,received
delay_50,39,89,17432.521,50.755,51.740,received
delay_50,40,90,17632.358,50.543,51.590,received
delay_50,41,91,17831.489,51.839,51.621,received
delay_50,42,92,18033.488,52.290,51.705,received
delay_50,43,93,18233.338,51.932,51.733,received
delay_50,44,94,18433.296,50.446,51.572,received
delay_50,45,95,18632.751,50.997,51.500,received
delay_50,46,96,18832.877,52.318,51.603,received
delay_50,47,97,19033.694,50.749,51.496,received
delay_50,48,98,19233.805,50.993,51.433,received
delay_50,49,99,19433.045,52.240,51.534,received
delay_50,50,100,19633.836,52.039,51.597,received
delay_100,1,101,19686.754,102.444,102.444,received
delay_100,2,102,19889.235,100.472,102.198,received
delay_100,3,103,20088.709,100.833,102.027,received
delay_100,4,104,20287.584,101.729,101.990,received
delay_100,5,105,20488.990,102.271,102.025,received
delay_100,6,106,20688.609,100.594,101.846,received
delay_100,7,107,20889.636,102.424,101.918,received
delay_100,8,108,21088.016,101.864,101.911,received
delay_100,9,109,21288.251,102.257,101.955,received
delay_100,10,110,21488.446,101.788,101.934,received
delay_100,11,111,21689.756,101.632,101.896,received
delay_100,12,112,21889.886,101.743,101.877,received
delay_100,13,113,22089.413,102.415,101.944,received
delay_100,14,114,22287.949,102.312,101.990,received
delay_100,15,115,22489.321,102.309,102.030,received
delay_100,16,116,22687.797,102.329,102.067,received
delay_100,17,117,22889.232,102.231,102.088,received
delay_100,18,118,23089.449,102.294,102.114,received
delay_100,19,119,23288.545,102.250,102.131,received
delay_100,20,120,23488.274,101.180,102.012,received
delay_100,21,121,23688.956,102.410,102.062,received
delay_100,22,122,23889.675,101.451,101.985,received
delay_100,23,123,24088.696,101.363,101.907,received
delay_100,24,124,24289.547,102.344,101.962,received
delay_100,25,125,24489.016,101.442,101.897,received
delay_100,26,126,24686.974,102.289,101.946,received
delay_100,27,127,24887.697,102.505,102.016,received
delay_100,28,128,25089.569,102.247,102.045,received
delay_100,29,129,25289.098,102.305,102.077,received
delay_100,30,130,25487.508,102.331,102.109,received
delay_100,31,131,25689.456,102.338,102.138,received
delay_100,32,132,25889.519,101.800,102.095,received
delay_100,33,133,26089.484,101.936,102.076,received
delay_100,34,134,26289.448,102.299,102.103,received
delay_100,35,135,26489.118,102.232,102.120,received
delay_100,36,136,26687.498,100.263,101.887,received
delay_100,37,137,26889.189,101.610,101.853,received
delay_100,38,138,27089.537,100.696,101.708,received
delay_100,39,139,27289.555,102.382,101.792,received
delay_100,40,140,27489.258,102.290,101.855,received
delay_100,41,141,27688.890,102.277,101.907,received
delay_100,42,142,27888.195,101.274,101.828,received
delay_100,43,143,28089.130,102.288,101.886,received
delay_100,44,144,28289.183,100.428,101.703,received
delay_100,45,145,28487.115,101.043,101.621,received
delay_100,46,146,28689.475,102.245,101.699,received
delay_100,47,147,28889.725,102.300,101.774,received
delay_100,48,148,29089.017,101.658,101.760,received
delay_100,49,149,29288.879,102.273,101.824,received
delay_100,50,150,29489.792,102.302,101.884,received
jitter,1,151,29592.529,130.546,130.546,received
jitter,2,152,29794.249,135.606,131.178,received
jitter,3,153,29992.872,114.243,129.062,received
jitter,4,154,30194.935,86.286,123.715,received
jitter,5,155,30394.615,53.319,114.915,received
jitter,6,156,30594.790,125.320,116.216,received
jitter,7,157,30794.728,65.779,109.911,received
jitter,8,158,30994.501,101.843,108.903,received
jitter,9,159,31194.995,102.698,108.127,received
jitter,10,160,31394.990,138.413,111.913,received
jitter,11,161,31594.729,131.255,114.331,received
jitter,12,162,31794.795,124.853,115.646,received
jitter,13,163,31994.850,112.307,115.229,received
jitter,14,164,32194.285,94.016,112.577,received
jitter,15,165,32395.327,56.451,105.561,received
jitter,16,166,32594.717,135.413,109.293,received
jitter,17,167,32795.139,114.276,109.916,received
jitter,18,168,32994.038,112.640,110.256,received
jitter,19,169,33193.770,119.468,111.408,received
jitter,20,170,33394.977,114.318,111.771,received
jitter,21,171,33594.430,107.634,111.254,received
jitter,22,172,33793.868,129.875,113.582,received
jitter,23,173,33993.934,101.365,112.055,received
jitter,24,174,34194.962,152.314,117.087,received
jitter,25,175,34393.867,142.754,120.296,received
jitter,26,176,34594.975,150.290,124.045,received
jitter,27,177,34793.934,119.279,123.449,received
jitter,28,178,34994.968,137.314,125.182,received
jitter,29,179,35195.311,131.368,125.955,received
jitter,30,180,35393.809,126.126,125.977,received
jitter,31,181,35594.508,149.715,128.944,received
jitter,32,182,35793.803,132.238,129.356,received
jitter,33,183,35993.835,52.833,119.790,received
jitter,34,184,36195.393,149.308,123.480,received
jitter,35,185,36394.275,137.496,125.232,received
jitter,36,186,36595.193,150.200,128.353,received
jitter,37,187,36794.879,104.603,125.384,received
jitter,38,188,36995.543,98.276,121.996,received
jitter,39,189,37194.320,59.363,114.167,received
jitter,40,190,37394.157,93.800,111.621,received
jitter,41,191,37595.315,146.423,115.971,received
jitter,42,192,37794.465,60.276,109.009,received
jitter,43,193,37994.864,84.481,105.943,received
jitter,44,194,38193.413,91.011,104.077,received
jitter,45,195,38394.211,96.734,103.159,received
jitter,46,196,38594.846,125.800,105.989,received
jitter,47,197,38795.438,112.269,106.774,received
jitter,48,198,38995.223,147.396,111.852,received
jitter,49,199,39195.335,139.020,115.248,received
jitter,50,200,39395.532,119.157,115.736,received
loss_5,1,201,39514.966,0.185,0.185,received
loss_5,2,202,39716.876,0.206,0.188,received
loss_5,3,203,39916.226,0.141,0.182,received
loss_5,4,204,40117.649,0.571,0.230,received
loss_5,5,205,40315.756,,0.203,timeout
loss_5,6,206,40516.707,0.134,0.218,received
loss_5,7,207,40717.025,0.188,0.215,received
loss_5,8,208,40916.801,0.169,0.209,received
loss_5,9,209,41116.948,0.163,0.203,received
loss_5,10,210,41316.356,0.223,0.206,received
loss_5,11,211,41516.291,0.228,0.208,received
loss_5,12,212,41716.448,0.186,0.206,received
loss_5,13,213,41915.411,0.199,0.205,received
loss_5,14,214,42116.774,0.243,0.210,received
loss_5,15,215,42317.015,0.223,0.211,received
loss_5,16,216,42516.241,0.220,0.212,received
loss_5,17,217,42716.764,0.327,0.227,received
loss_5,18,218,42916.388,0.172,0.220,received
loss_5,19,219,43116.681,0.163,0.213,received
loss_5,20,220,43317.039,0.557,0.256,received
loss_5,21,221,43515.909,3.587,0.672,received
loss_5,22,222,43715.697,0.206,0.614,received
loss_5,23,223,43916.140,0.216,0.564,received
loss_5,24,224,44116.738,0.246,0.524,received
loss_5,25,225,44316.448,0.233,0.488,received
loss_5,26,226,44516.782,0.263,0.460,received
loss_5,27,227,44716.913,0.272,0.436,received
loss_5,28,228,44916.264,0.203,0.407,received
loss_5,29,229,45116.200,0.231,0.385,received
loss_5,30,230,45317.066,0.291,0.373,received
loss_5,31,231,45516.162,0.216,0.354,received
loss_5,32,232,45716.129,0.279,0.344,received
loss_5,33,233,45915.326,,0.289,timeout
loss_5,34,234,46116.937,0.183,0.324,received
loss_5,35,235,46317.022,0.206,0.309,received
loss_5,36,236,46517.119,0.208,0.297,received
loss_5,37,237,46716.020,0.235,0.289,received
loss_5,38,238,46917.016,0.145,0.271,received
loss_5,39,239,47116.581,0.143,0.255,received
loss_5,40,240,47316.437,0.198,0.248,received
loss_5,41,241,47516.087,0.154,0.236,received
loss_5,42,242,47717.064,0.148,0.225,received
loss_5,43,243,47915.602,0.151,0.216,received
loss_5,44,244,48115.380,0.272,0.223,received
loss_5,45,245,48315.557,0.191,0.219,received
loss_5,46,246,48516.259,0.254,0.223,received
loss_5,47,247,48716.480,0.252,0.227,received
loss_5,48,248,48916.362,0.220,0.226,received
loss_5,49,249,49116.645,0.215,0.225,received
loss_5,50,250,49316.162,0.245,0.227,received
combined,1,251,49316.758,234.528,234.528,received
combined,2,252,49518.087,185.214,228.364,received
combined,3,253,49718.436,,222.115,timeout
combined,4,254,49917.860,200.639,224.898,received
combined,5,255,50118.514,238.167,226.557,received
combined,6,256,50317.621,224.432,226.291,received
combined,7,257,50517.786,192.881,222.115,received
combined,8,258,50718.601,234.294,223.637,received
combined,9,259,50918.627,213.433,222.362,received
combined,10,260,51118.601,212.253,221.098,received
combined,11,261,51318.321,229.799,222.186,received
combined,12,262,51518.394,250.230,225.691,received
combined,13,263,51718.108,248.484,228.540,received
combined,14,264,51917.139,236.498,229.535,received
combined,15,265,52117.799,224.511,228.907,received
combined,16,266,52318.057,230.327,229.085,received
combined,17,267,52518.061,,215.276,timeout
combined,18,268,52717.978,250.816,231.801,received
combined,19,269,52918.483,196.892,227.437,received
combined,20,270,53117.805,192.862,223.115,received
combined,21,271,53318.697,160.403,215.276,received
combined,22,272,53517.907,189.274,212.026,received
combined,23,273,53718.350,225.256,213.680,received
combined,24,274,53917.925,246.711,217.809,received
combined,25,275,54117.705,217.781,217.805,received
combined,26,276,54318.215,243.032,220.959,received
combined,27,277,54518.821,227.594,221.788,received
combined,28,278,54718.492,150.956,212.934,received
combined,29,279,54918.569,214.151,213.086,received
combined,30,280,55118.418,154.321,205.741,received
combined,31,281,55317.379,180.501,202.586,received
combined,32,282,55518.053,229.453,205.944,received
combined,33,283,55718.438,251.105,211.589,received
combined,34,284,55918.328,214.825,211.994,received
combined,35,285,56117.893,158.421,205.297,received
combined,36,286,56317.412,166.492,200.446,received
combined,37,287,56518.015,178.411,197.692,received
combined,38,288,56717.014,197.114,197.620,received
combined,39,289,56917.726,162.044,193.173,received
combined,40,290,57117.873,169.269,190.185,received
combined,41,291,57317.457,223.431,194.341,received
combined,42,292,57517.628,163.311,190.462,received
combined,43,293,57718.064,156.750,186.248,received
combined,44,294,57917.118,175.925,184.958,received
combined,45,295,58119.411,249.254,192.995,received
combined,46,296,58318.143,243.391,199.294,received
combined,47,297,58517.597,,202.818,timeout
combined,48,298,58718.152,224.391,202.431,received
combined,49,299,58917.836,211.780,203.600,received
combined,50,300,59118.526,197.342,202.818,received