series,command_index,sequence_number,first_sent_at_ms,ack_received_at_ms,attempts,retransmissions,delivered,failed,time_to_ack_ms,final_rto_ms,ack_sample_used_for_rto,loss_percent,delay_ms,jitter_min_ms,jitter_max_ms,seed,receive_seed,rto_before_send_ms,probe_rtt_ms,dropped_send_total,dropped_receive_total
baseline,1,2,13.819000,14.812000,1,0,1,0,0.993000,100.000000,1,0.000000,0,0,0,20261009,20261010,100.000000,4.348000,0,0
baseline,2,4,76.945000,77.038000,1,0,1,0,0.093000,100.000000,1,0.000000,0,0,0,20261009,20261010,100.000000,0.470000,0,0
baseline,3,6,137.285000,137.343000,1,0,1,0,0.058000,100.000000,1,0.000000,0,0,0,20261009,20261010,100.000000,0.177000,0,0
baseline,4,8,195.728000,195.812000,1,0,1,0,0.084000,100.000000,1,0.000000,0,0,0,20261009,20261010,100.000000,0.575000,0,0
baseline,5,10,256.048000,256.144000,1,0,1,0,0.096000,100.000000,1,0.000000,0,0,0,20261009,20261010,100.000000,0.191000,0,0
baseline,6,12,316.490000,316.664000,1,0,1,0,0.174000,100.000000,1,0.000000,0,0,0,20261009,20261010,100.000000,0.287000,0,0
baseline,7,14,377.005000,377.269000,1,0,1,0,0.264000,100.000000,1,0.000000,0,0,0,20261009,20261010,100.000000,0.491000,0,0
baseline,8,16,437.969000,438.206000,1,0,1,0,0.237000,100.000000,1,0.000000,0,0,0,20261009,20261010,100.000000,0.547000,0,0
baseline,9,18,498.870000,499.120000,1,0,1,0,0.250000,100.000000,1,0.000000,0,0,0,20261009,20261010,100.000000,0.504000,0,0
baseline,10,20,559.719000,560.078000,1,0,1,0,0.359000,100.000000,1,0.000000,0,0,0,20261009,20261010,100.000000,0.440000,0,0
baseline,11,22,620.787000,621.086000,1,0,1,0,0.299000,100.000000,1,0.000000,0,0,0,20261009,20261010,100.000000,0.556000,0,0
baseline,12,24,681.716000,682.013000,1,0,1,0,0.297000,100.000000,1,0.000000,0,0,0,20261009,20261010,100.000000,0.475000,0,0
baseline,13,26,742.106000,742.336000,1,0,1,0,0.230000,100.000000,1,0.000000,0,0,0,20261009,20261010,100.000000,0.353000,0,0
baseline,14,28,800.485000,800.762000,1,0,1,0,0.277000,100.000000,1,0.000000,0,0,0,20261009,20261010,100.000000,0.472000,0,0
baseline,15,30,852.217000,852.512000,1,0,1,0,0.295000,100.000000,1,0.000000,0,0,0,20261009,20261010,100.000000,0.444000,0,0
baseline,16,32,910.299000,910.594000,1,0,1,0,0.295000,100.000000,1,0.000000,0,0,0,20261009,20261010,100.000000,0.455000,0,0
baseline,17,34,966.953000,967.099000,1,0,1,0,0.146000,100.000000,1,0.000000,0,0,0,20261009,20261010,100.000000,0.301000,0,0
baseline,18,36,1026.801000,1026.930000,1,0,1,0,0.129000,100.000000,1,0.000000,0,0,0,20261009,20261010,100.000000,0.295000,0,0
baseline,19,38,1086.606000,1086.689000,1,0,1,0,0.083000,100.000000,1,0.000000,0,0,0,20261009,20261010,100.000000,0.133000,0,0
baseline,20,40,1146.969000,1147.039000,1,0,1,0,0.070000,100.000000,1,0.000000,0,0,0,20261009,20261010,100.000000,0.211000,0,0
baseline,21,42,1207.252000,1207.419000,1,0,1,0,0.167000,100.000000,1,0.000000,0,0,0,20261009,20261010,100.000000,0.159000,0,0
baseline,22,44,1260.063000,1260.160000,1,0,1,0,0.097000,100.000000,1,0.000000,0,0,0,20261009,20261010,100.000000,0.244000,0,0
baseline,23,46,1320.398000,1320.511000,1,0,1,0,0.113000,100.000000,1,0.000000,0,0,0,20261009,20261010,100.000000,0.168000,0,0
baseline,24,48,1380.760000,1380.868000,1,0,1,0,0.108000,100.000000,1,0.000000,0,0,0,20261009,20261010,100.000000,0.197000,0,0
baseline,25,50,1441.214000,1441.365000,1,0,1,0,0.151000,100.000000,1,0.000000,0,0,0,20261009,20261010,100.000000,0.278000,0,0
baseline,26,52,1496.356000,1496.513000,1,0,1,0,0.157000,100.000000,1,0.000000,0,0,0,20261009,20261010,100.000000,0.328000,0,0
baseline,27,54,1556.956000,1557.097000,1,0,1,0,0.141000,100.000000,1,0.000000,0,0,0,20261009,20261010,100.000000,0.300000,0,0
baseline,28,56,1617.545000,1617.687000,1,0,1,0,0.142000,100.000000,1,0.000000,0,0,0,20261009,20261010,100.000000,0.302000,0,0
baseline,29,58,1669.877000,1669.979000,1,0,1,0,0.102000,100.000000,1,0.000000,0,0,0,20261009,20261010,100.000000,0.221000,0,0
baseline,30,60,1730.180000,1730.324000,1,0,1,0,0.144000,100.000000,1,0.000000,0,0,0,20261009,20261010,100.000000,0.232000,0,0
baseline,31,62,1783.228000,1783.428000,1,0,1,0,0.200000,100.000000,1,0.000000,0,0,0,20261009,20261010,100.000000,0.347000,0,0
baseline,32,64,1841.516000,1841.698000,1,0,1,0,0.182000,100.000000,1,0.000000,0,0,0,20261009,20261010,100.000000,0.303000,0,0
baseline,33,66,1897.462000,1897.601000,1,0,1,0,0.139000,100.000000,1,0.000000,0,0,0,20261009,20261010,100.000000,0.301000,0,0
baseline,34,68,1950.086000,1950.254000,1,0,1,0,0.168000,100.000000,1,0.000000,0,0,0,20261009,20261010,100.000000,0.404000,0,0
baseline,35,70,2010.235000,2010.431000,1,0,1,0,0.196000,100.000000,1,0.000000,0,0,0,20261009,20261010,100.000000,0.399000,0,0
baseline,36,72,2070.749000,2071.067000,1,0,1,0,0.318000,100.000000,1,0.000000,0,0,0,20261009,20261010,100.000000,0.439000,0,0
baseline,37,74,2130.337000,2130.431000,1,0,1,0,0.094000,100.000000,1,0.000000,0,0,0,20261009,20261010,100.000000,0.187000,0,0
baseline,38,76,2190.665000,2190.744000,1,0,1,0,0.079000,100.000000,1,0.000000,0,0,0,20261009,20261010,100.000000,0.175000,0,0
baseline,39,78,2250.932000,2251.031000,1,0,1,0,0.099000,100.000000,1,0.000000,0,0,0,20261009,20261010,100.000000,0.138000,0,0
baseline,40,80,2311.318000,2311.424000,1,0,1,0,0.106000,100.000000,1,0.000000,0,0,0,20261009,20261010,100.000000,0.230000,0,0
baseline,41,82,2365.227000,2365.366000,1,0,1,0,0.139000,100.000000,1,0.000000,0,0,0,20261009,20261010,100.000000,0.308000,0,0
baseline,42,84,2424.906000,2425.090000,1,0,1,0,0.184000,100.000000,1,0.000000,0,0,0,20261009,20261010,100.000000,0.350000,0,0
baseline,43,86,2483.598000,2483.740000,1,0,1,0,0.142000,100.000000,1,0.000000,0,0,0,20261009,20261010,100.000000,0.274000,0,0
baseline,44,88,2541.494000,2541.630000,1,0,1,0,0.136000,100.000000,1,0.000000,0,0,0,20261009,20261010,100.000000,0.281000,0,0
baseline,45,90,2600.280000,2600.415000,1,0,1,0,0.135000,100.000000,1,0.000000,0,0,0,20261009,20261010,100.000000,0.289000,0,0
baseline,46,92,2658.215000,2658.368000,1,0,1,0,0.153000,100.000000,1,0.000000,0,0,0,20261009,20261010,100.000000,0.321000,0,0
baseline,47,94,2716.445000,2716.576000,1,0,1,0,0.131000,100.000000,1,0.000000,0,0,0,20261009,20261010,100.000000,0.237000,0,0
baseline,48,96,2776.793000,2776.962000,1,0,1,0,0.169000,100.000000,1,0.000000,0,0,0,20261009,20261010,100.000000,0.299000,0,0
baseline,49,98,2834.974000,2835.153000,1,0,1,0,0.179000,100.000000,1,0.000000,0,0,0,20261009,20261010,100.000000,0.278000,0,0
baseline,50,100,2893.477000,2893.657000,1,0,1,0,0.180000,100.000000,1,0.000000,0,0,0,20261009,20261010,100.000000,0.326000,0,0
loss_5,1,102,2906.590000,2906.699000,1,0,1,0,0.109000,100.000000,1,5.000000,0,0,0,20261009,20261010,100.000000,0.235000,0,0
loss_5,2,104,2966.593000,2966.687000,1,0,1,0,0.094000,100.000000,1,5.000000,0,0,0,20261009,20261010,100.000000,0.234000,0,0
loss_5,3,106,3026.650000,3026.751000,1,0,1,0,0.101000,100.000000,1,5.000000,0,0,0,20261009,20261010,100.000000,0.170000,0,0
loss_5,4,108,3087.041000,3087.166000,1,0,1,0,0.125000,100.000000,1,5.000000,0,0,0,20261009,20261010,100.000000,0.218000,0,0
loss_5,5,110,3145.673000,3145.809000,1,0,1,0,0.136000,100.000000,1,5.000000,0,0,0,20261009,20261010,100.000000,0.366000,0,0
loss_5,6,112,3206.178000,3206.322000,1,0,1,0,0.144000,100.000000,1,5.000000,0,0,0,20261009,20261010,100.000000,0.282000,0,0
loss_5,7,114,4276.614000,4276.996000,1,0,1,0,0.382000,100.000000,1,5.000000,0,0,0,20261009,20261010,100.000000,,0,1
loss_5,8,116,4337.452000,4337.587000,1,0,1,0,0.135000,100.000000,1,5.000000,0,0,0,20261009,20261010,100.000000,0.318000,0,1
loss_5,9,118,4397.773000,4397.928000,1,0,1,0,0.155000,100.000000,1,5.000000,0,0,0,20261009,20261010,100.000000,0.286000,0,1
loss_5,10,120,5467.691000,5468.030000,1,0,1,0,0.339000,100.000000,1,5.000000,0,0,0,20261009,20261010,100.000000,,1,1
loss_5,11,122,5526.895000,5527.088000,1,0,1,0,0.193000,100.000000,1,5.000000,0,0,0,20261009,20261010,100.000000,0.401000,1,1
loss_5,12,124,6596.793000,6815.807000,3,2,1,0,219.014000,100.000000,0,5.000000,0,0,0,20261009,20261010,100.000000,,3,2
loss_5,13,126,6874.864000,6874.997000,1,0,1,0,0.133000,100.000000,1,5.000000,0,0,0,20261009,20261010,100.000000,0.305000,3,2
loss_5,14,128,6926.579000,6926.979000,1,0,1,0,0.400000,100.000000,1,5.000000,0,0,0,20261009,20261010,100.000000,0.373000,3,2
loss_5,15,130,6987.397000,6987.543000,1,0,1,0,0.146000,100.000000,1,5.000000,0,0,0,20261009,20261010,100.000000,0.274000,3,2
loss_5,16,132,7047.871000,7047.972000,1,0,1,0,0.101000,100.000000,1,5.000000,0,0,0,20261009,20261010,100.000000,0.242000,3,2
loss_5,17,134,7108.327000,7108.461000,1,0,1,0,0.134000,100.000000,1,5.000000,0,0,0,20261009,20261010,100.000000,0.270000,3,2
loss_5,18,136,7162.030000,7162.134000,1,0,1,0,0.104000,100.000000,1,5.000000,0,0,0,20261009,20261010,100.000000,0.272000,3,2
loss_5,19,138,7214.416000,7214.542000,1,0,1,0,0.126000,100.000000,1,5.000000,0,0,0,20261009,20261010,100.000000,0.291000,3,2
loss_5,20,140,8279.753000,8280.044000,1,0,1,0,0.291000,100.000000,1,5.000000,0,0,0,20261009,20261010,100.000000,,3,3
loss_5,21,142,8340.469000,8340.558000,1,0,1,0,0.089000,100.000000,1,5.000000,0,0,0,20261009,20261010,100.000000,0.279000,3,3
loss_5,22,144,8400.937000,8401.058000,1,0,1,0,0.121000,100.000000,1,5.000000,0,0,0,20261009,20261010,100.000000,0.300000,3,3
loss_5,23,146,8461.572000,8461.776000,1,0,1,0,0.204000,100.000000,1,5.000000,0,0,0,20261009,20261010,100.000000,0.417000,3,3
loss_5,24,148,8517.021000,8626.916000,2,1,1,0,109.895000,100.000000,0,5.000000,0,0,0,20261009,20261010,100.000000,0.402000,4,3
loss_5,25,150,8687.252000,8687.398000,1,0,1,0,0.146000,100.000000,1,5.000000,0,0,0,20261009,20261010,100.000000,0.253000,4,3
loss_5,26,152,8745.881000,8854.722000,2,1,1,0,108.841000,100.000000,0,5.000000,0,0,0,20261009,20261010,100.000000,0.503000,4,4
loss_5,27,154,9924.442000,9924.812000,1,0,1,0,0.370000,100.000000,1,5.000000,0,0,0,20261009,20261010,100.000000,,5,4
loss_5,28,156,9980.924000,9981.058000,1,0,1,0,0.134000,100.000000,1,5.000000,0,0,0,20261009,20261010,100.000000,0.299000,5,4
loss_5,29,158,10033.595000,10033.771000,1,0,1,0,0.176000,100.000000,1,5.000000,0,0,0,20261009,20261010,100.000000,0.314000,5,4
loss_5,30,160,10093.459000,10093.635000,1,0,1,0,0.176000,100.000000,1,5.000000,0,0,0,20261009,20261010,100.000000,0.346000,5,4
loss_5,31,162,10149.806000,10149.954000,1,0,1,0,0.148000,100.000000,1,5.000000,0,0,0,20261009,20261010,100.000000,0.300000,5,4
loss_5,32,164,10205.973000,10206.065000,1,0,1,0,0.092000,100.000000,1,5.000000,0,0,0,20261009,20261010,100.000000,0.232000,5,4
loss_5,33,166,10259.910000,10260.008000,1,0,1,0,0.098000,100.000000,1,5.000000,0,0,0,20261009,20261010,100.000000,0.155000,5,4
loss_5,34,168,10320.341000,10320.507000,1,0,1,0,0.166000,100.000000,1,5.000000,0,0,0,20261009,20261010,100.000000,0.265000,5,4
loss_5,35,170,10372.734000,10372.871000,1,0,1,0,0.137000,100.000000,1,5.000000,0,0,0,20261009,20261010,100.000000,0.284000,5,4
loss_5,36,172,10426.986000,10427.112000,1,0,1,0,0.126000,100.000000,1,5.000000,0,0,0,20261009,20261010,100.000000,0.319000,5,4
loss_5,37,174,10478.478000,10478.655000,1,0,1,0,0.177000,100.000000,1,5.000000,0,0,0,20261009,20261010,100.000000,0.357000,5,4
loss_5,38,176,10531.242000,10531.395000,1,0,1,0,0.153000,100.000000,1,5.000000,0,0,0,20261009,20261010,100.000000,0.330000,5,4
loss_5,39,178,10588.623000,10588.786000,1,0,1,0,0.163000,100.000000,1,5.000000,0,0,0,20261009,20261010,100.000000,0.287000,5,4
loss_5,40,180,10645.407000,10645.573000,1,0,1,0,0.166000,100.000000,1,5.000000,0,0,0,20261009,20261010,100.000000,0.347000,5,4
loss_5,41,182,10697.825000,10697.985000,1,0,1,0,0.160000,100.000000,1,5.000000,0,0,0,20261009,20261010,100.000000,0.291000,5,4
loss_5,42,184,10758.377000,10758.498000,1,0,1,0,0.121000,100.000000,1,5.000000,0,0,0,20261009,20261010,100.000000,0.295000,5,4
loss_5,43,186,10818.886000,10930.242000,2,1,1,0,111.356000,100.000000,0,5.000000,0,0,0,20261009,20261010,100.000000,0.288000,6,4
loss_5,44,188,10983.594000,10983.742000,1,0,1,0,0.148000,100.000000,1,5.000000,0,0,0,20261009,20261010,100.000000,0.308000,6,4
loss_5,45,190,11044.200000,11044.444000,1,0,1,0,0.244000,100.000000,1,5.000000,0,0,0,20261009,20261010,100.000000,0.363000,6,4
loss_5,46,192,11095.019000,11095.161000,1,0,1,0,0.142000,100.000000,1,5.000000,0,0,0,20261009,20261010,100.000000,0.373000,6,4
loss_5,47,194,11146.116000,11146.233000,1,0,1,0,0.117000,100.000000,1,5.000000,0,0,0,20261009,20261010,100.000000,0.204000,6,5
loss_5,48,196,11206.588000,11206.717000,1,0,1,0,0.129000,100.000000,1,5.000000,0,0,0,20261009,20261010,100.000000,0.280000,6,5
loss_5,49,198,11259.080000,11369.387000,2,1,1,0,110.307000,100.000000,0,5.000000,0,0,0,20261009,20261010,100.000000,0.379000,7,6
loss_5,50,200,11425.445000,11425.616000,1,0,1,0,0.171000,100.000000,1,5.000000,0,0,0,20261009,20261010,100.000000,0.375000,7,6
loss_10,1,202,11426.671000,11537.932000,2,1,1,0,111.261000,100.000000,0,10.000000,0,0,0,20261009,20261010,100.000000,0.233000,1,0
loss_10,2,204,11598.258000,11598.375000,1,0,1,0,0.117000,100.000000,1,10.000000,0,0,0,20261009,20261010,100.000000,0.250000,1,0
loss_10,3,206,11658.793000,11658.958000,1,0,1,0,0.165000,100.000000,1,10.000000,0,0,0,20261009,20261010,100.000000,0.326000,1,0
loss_10,4,208,11711.362000,11711.440000,1,0,1,0,0.078000,100.000000,1,10.000000,0,0,0,20261009,20261010,100.000000,0.253000,1,0
loss_10,5,210,11769.174000,11769.325000,1,0,1,0,0.151000,100.000000,1,10.000000,0,0,0,20261009,20261010,100.000000,0.337000,1,0
loss_10,6,212,11829.676000,11829.817000,1,0,1,0,0.141000,100.000000,1,10.000000,0,0,0,20261009,20261010,100.000000,0.269000,1,0
loss_10,7,214,12894.204000,12894.519000,1,0,1,0,0.315000,100.000000,1,10.000000,0,0,0,20261009,20261010,100.000000,,1,1
loss_10,8,216,12944.977000,12945.101000,1,0,1,0,0.124000,100.000000,1,10.000000,0,0,0,20261009,20261010,100.000000,0.347000,1,1
loss_10,9,218,12999.008000,13108.274000,2,1,1,0,109.266000,100.000000,0,10.000000,0,0,0,20261009,20261010,100.000000,0.261000,2,1
loss_10,10,220,13168.651000,13168.860000,1,0,1,0,0.209000,100.000000,1,10.000000,0,0,0,20261009,20261010,100.000000,0.284000,2,1
loss_10,11,222,14230.789000,14340.976000,2,1,1,0,110.187000,100.000000,0,10.000000,0,0,0,20261009,20261010,100.000000,,4,1
loss_10,12,224,15402.652000,15402.899000,1,0,1,0,0.247000,100.000000,1,10.000000,0,0,0,20261009,20261010,100.000000,,4,2
loss_10,13,226,15460.101000,15460.246000,1,0,1,0,0.145000,100.000000,1,10.000000,0,0,0,20261009,20261010,100.000000,0.328000,4,2
loss_10,14,228,15516.897000,15517.053000,1,0,1,0,0.156000,100.000000,1,10.000000,0,0,0,20261009,20261010,100.000000,0.318000,4,2
loss_10,15,230,15574.852000,15575.026000,1,0,1,0,0.174000,100.000000,1,10.000000,0,0,0,20261009,20261010,100.000000,0.371000,4,2
loss_10,16,232,15626.702000,15626.836000,1,0,1,0,0.134000,100.000000,1,10.000000,0,0,0,20261009,20261010,100.000000,0.289000,4,2
loss_10,17,234,15684.035000,15684.175000,1,0,1,0,0.140000,100.000000,1,10.000000,0,0,0,20261009,20261010,100.000000,0.237000,4,2
loss_10,18,236,16757.754000,16758.092000,1,0,1,0,0.338000,100.000000,1,10.000000,0,0,0,20261009,20261010,100.000000,,5,2
loss_10,19,238,16816.491000,16816.625000,1,0,1,0,0.134000,100.000000,1,10.000000,0,0,0,20261009,20261010,100.000000,0.345000,5,2
loss_10,20,240,16874.721000,16874.829000,1,0,1,0,0.108000,100.000000,1,10.000000,0,0,0,20261009,20261010,100.000000,0.253000,5,2
loss_10,21,242,16935.089000,16935.184000,1,0,1,0,0.095000,100.000000,1,10.000000,0,0,0,20261009,20261010,100.000000,0.210000,5,3
loss_10,22,244,16995.479000,16995.585000,1,0,1,0,0.106000,100.000000,1,10.000000,0,0,0,20261009,20261010,100.000000,0.244000,5,3
loss_10,23,246,17055.897000,17055.995000,1,0,1,0,0.098000,100.000000,1,10.000000,0,0,0,20261009,20261010,100.000000,0.247000,5,3
loss_10,24,248,18112.888000,18113.264000,1,0,1,0,0.376000,100.000000,1,10.000000,0,0,0,20261009,20261010,100.000000,,6,3
loss_10,25,250,18173.592000,18173.733000,1,0,1,0,0.141000,100.000000,1,10.000000,0,0,0,20261009,20261010,100.000000,0.289000,6,3
loss_10,26,252,18226.720000,18226.879000,1,0,1,0,0.159000,100.000000,1,10.000000,0,0,0,20261009,20261010,100.000000,0.323000,6,3
loss_10,27,254,18287.257000,18619.369000,4,3,1,0,332.112000,100.000000,0,10.000000,0,0,0,20261009,20261010,100.000000,0.290000,7,6
loss_10,28,256,18674.816000,18674.968000,1,0,1,0,0.152000,100.000000,1,10.000000,0,0,0,20261009,20261010,100.000000,0.357000,7,6
loss_10,29,258,19740.920000,19741.280000,1,0,1,0,0.360000,100.000000,1,10.000000,0,0,0,20261009,20261010,100.000000,,8,7
loss_10,30,260,19793.338000,19793.477000,1,0,1,0,0.139000,100.000000,1,10.000000,0,0,0,20261009,20261010,100.000000,0.281000,8,7
loss_10,31,262,19843.852000,19843.990000,1,0,1,0,0.138000,100.000000,1,10.000000,0,0,0,20261009,20261010,100.000000,0.271000,8,7
loss_10,32,264,19904.361000,19904.542000,1,0,1,0,0.181000,100.000000,1,10.000000,0,0,0,20261009,20261010,100.000000,0.286000,8,7
loss_10,33,266,19963.879000,19964.023000,1,0,1,0,0.144000,100.000000,1,10.000000,0,0,0,20261009,20261010,100.000000,0.296000,8,7
loss_10,34,268,20024.490000,20024.656000,1,0,1,0,0.166000,100.000000,1,10.000000,0,0,0,20261009,20261010,100.000000,0.354000,8,7
loss_10,35,270,20083.147000,20083.317000,1,0,1,0,0.170000,100.000000,1,10.000000,0,0,0,20261009,20261010,100.000000,0.349000,8,7
loss_10,36,272,20135.822000,20135.932000,1,0,1,0,0.110000,100.000000,1,10.000000,0,0,0,20261009,20261010,100.000000,0.374000,8,7
loss_10,37,274,20193.159000,20193.237000,1,0,1,0,0.078000,100.000000,1,10.000000,0,0,0,20261009,20261010,100.000000,0.135000,8,7
loss_10,38,276,20249.625000,20249.712000,1,0,1,0,0.087000,100.000000,1,10.000000,0,0,0,20261009,20261010,100.000000,0.198000,8,8
loss_10,39,278,20309.991000,20310.091000,1,0,1,0,0.100000,100.000000,1,10.000000,0,0,0,20261009,20261010,100.000000,0.262000,8,8
loss_10,40,280,20367.593000,20476.437000,2,1,1,0,108.844000,100.000000,0,10.000000,0,0,0,20261009,20261010,100.000000,0.267000,9,8
loss_10,41,282,20536.835000,20537.082000,1,0,1,0,0.247000,100.000000,1,10.000000,0,0,0,20261009,20261010,100.000000,0.318000,9,8
loss_10,42,284,21600.014000,21600.318000,1,0,1,0,0.304000,100.000000,1,10.000000,0,0,0,20261009,20261010,100.000000,,10,8
loss_10,43,286,22670.537000,22670.886000,1,0,1,0,0.349000,100.000000,1,10.000000,0,0,0,20261009,20261010,100.000000,,11,8
loss_10,44,288,22728.650000,22728.747000,1,0,1,0,0.097000,100.000000,1,10.000000,0,0,0,20261009,20261010,100.000000,0.242000,11,8
loss_10,45,290,22783.058000,22783.208000,1,0,1,0,0.150000,100.000000,1,10.000000,0,0,0,20261009,20261010,100.000000,0.280000,11,8
loss_10,46,292,22841.361000,22841.517000,1,0,1,0,0.156000,100.000000,1,10.000000,0,0,0,20261009,20261010,100.000000,0.260000,11,8
loss_10,47,294,23915.126000,23915.426000,1,0,1,0,0.300000,100.000000,1,10.000000,0,0,0,20261009,20261010,100.000000,,12,8
loss_10,48,296,24974.381000,25085.952000,2,1,1,0,111.571000,100.000000,0,10.000000,0,0,0,20261009,20261010,100.000000,,13,9
loss_10,49,298,25141.430000,25141.625000,1,0,1,0,0.195000,100.000000,1,10.000000,0,0,0,20261009,20261010,100.000000,0.329000,13,9
loss_10,50,300,26205.898000,26206.240000,1,0,1,0,0.342000,100.000000,1,10.000000,0,0,0,20261009,20261010,100.000000,,13,10
loss_20,1,302,26207.392000,26316.897000,2,1,1,0,109.505000,100.000000,0,20.000000,0,0,0,20261009,20261010,100.000000,0.325000,1,0
loss_20,2,304,26374.716000,26374.857000,1,0,1,0,0.141000,100.000000,1,20.000000,0,0,0,20261009,20261010,100.000000,0.282000,1,0
loss_20,3,306,27432.174000,27542.421000,2,1,1,0,110.247000,100.000000,0,20.000000,0,0,0,20261009,20261010,100.000000,,1,2
loss_20,4,308,28607.148000,28607.501000,1,0,1,0,0.353000,100.000000,1,20.000000,0,0,0,20261009,20261010,100.000000,,2,2
loss_20,5,310,29670.534000,29670.847000,1,0,1,0,0.313000,100.000000,1,20.000000,0,0,0,20261009,20261010,100.000000,,3,2
loss_20,6,312,30734.867000,,5,4,0,1,,100.000000,0,20.000000,0,0,0,20261009,20261010,100.000000,,4,8
loss_20,7,314,32344.685000,32344.988000,1,0,1,0,0.303000,100.000000,1,20.000000,0,0,0,20261009,20261010,100.000000,,5,8
loss_20,8,316,32400.096000,32400.282000,1,0,1,0,0.186000,100.000000,1,20.000000,0,0,0,20261009,20261010,100.000000,0.269000,5,8
loss_20,9,318,33463.456000,33574.330000,2,1,1,0,110.874000,100.000000,0,20.000000,0,0,0,20261009,20261010,100.000000,,7,8
loss_20,10,320,33634.714000,33852.237000,3,2,1,0,217.523000,100.000000,0,20.000000,0,0,0,20261009,20261010,100.000000,0.289000,8,11
loss_20,11,322,33908.020000,33908.158000,1,0,1,0,0.138000,100.000000,1,20.000000,0,0,0,20261009,20261010,100.000000,0.289000,8,11
loss_20,12,324,33959.569000,33959.746000,1,0,1,0,0.177000,100.000000,1,20.000000,0,0,0,20261009,20261010,100.000000,0.310000,8,11
loss_20,13,326,35025.230000,35133.049000,2,1,1,0,107.819000,100.000000,0,20.000000,0,0,0,20261009,20261010,100.000000,,9,12
loss_20,14,328,36198.581000,36307.175000,2,1,1,0,108.594000,100.000000,0,20.000000,0,0,0,20261009,20261010,100.000000,,10,13
loss_20,15,330,37365.161000,37365.434000,1,0,1,0,0.273000,100.000000,1,20.000000,0,0,0,20261009,20261010,100.000000,,10,14
loss_20,16,332,38432.076000,38432.356000,1,0,1,0,0.280000,100.000000,1,20.000000,0,0,0,20261009,20261010,100.000000,,10,16
loss_20,17,334,39499.066000,39718.848000,3,2,1,0,219.782000,100.000000,0,20.000000,0,0,0,20261009,20261010,100.000000,,11,19
loss_20,18,336,39776.654000,39776.812000,1,0,1,0,0.158000,100.000000,1,20.000000,0,0,0,20261009,20261010,100.000000,0.324000,11,19
loss_20,19,338,40840.591000,40840.945000,1,0,1,0,0.354000,100.000000,1,20.000000,0,0,0,20261009,20261010,100.000000,,12,19
loss_20,20,340,40900.090000,40900.225000,1,0,1,0,0.135000,100.000000,1,20.000000,0,0,0,20261009,20261010,100.000000,0.302000,12,20
loss_20,21,342,40958.076000,41065.374000,2,1,1,0,107.298000,100.000000,0,20.000000,0,0,0,20261009,20261010,100.000000,0.387000,13,20
loss_20,22,344,42136.838000,42137.187000,1,0,1,0,0.349000,100.000000,1,20.000000,0,0,0,20261009,20261010,100.000000,,14,20
loss_20,23,346,42195.674000,42195.790000,1,0,1,0,0.116000,100.000000,1,20.000000,0,0,0,20261009,20261010,100.000000,0.275000,14,20
loss_20,24,348,42256.153000,42581.818000,4,3,1,0,325.665000,100.000000,0,20.000000,0,0,0,20261009,20261010,100.000000,0.279000,16,23
loss_20,25,350,42634.761000,42634.839000,1,0,1,0,0.078000,100.000000,1,20.000000,0,0,0,20261009,20261010,100.000000,0.112000,16,24
loss_20,26,352,42688.523000,42688.590000,1,0,1,0,0.067000,100.000000,1,20.000000,0,0,0,20261009,20261010,100.000000,0.131000,16,25
loss_20,27,354,42748.738000,42859.450000,2,1,1,0,110.712000,100.000000,0,20.000000,0,0,0,20261009,20261010,100.000000,0.116000,16,26
loss_20,28,356,43925.839000,43926.073000,1,0,1,0,0.234000,100.000000,1,20.000000,0,0,0,20261009,20261010,100.000000,,17,26
loss_20,29,358,43986.493000,43986.635000,1,0,1,0,0.142000,100.000000,1,20.000000,0,0,0,20261009,20261010,100.000000,0.343000,17,26
loss_20,30,360,44043.827000,44152.187000,2,1,1,0,108.360000,100.000000,0,20.000000,0,0,0,20261009,20261010,100.000000,0.334000,17,27
loss_20,31,362,45223.307000,45223.591000,1,0,1,0,0.284000,100.000000,1,20.000000,0,0,0,20261009,20261010,100.000000,,17,28
loss_20,32,364,45283.687000,45283.829000,1,0,1,0,0.142000,100.000000,1,20.000000,0,0,0,20261009,20261010,100.000000,0.287000,17,28
loss_20,33,366,45341.305000,45561.244000,3,2,1,0,219.939000,100.000000,0,20.000000,0,0,0,20261009,20261010,100.000000,0.304000,18,30
loss_20,34,368,45621.656000,45836.966000,3,2,1,0,215.310000,100.000000,0,20.000000,0,0,0,20261009,20261010,100.000000,0.321000,19,31
loss_20,35,370,46893.991000,46894.358000,1,0,1,0,0.367000,100.000000,1,20.000000,0,0,0,20261009,20261010,100.000000,,20,31
loss_20,36,372,47950.622000,47950.893000,1,0,1,0,0.271000,100.000000,1,20.000000,0,0,0,20261009,20261010,100.000000,,20,32
loss_20,37,374,48010.176000,48010.313000,1,0,1,0,0.137000,100.000000,1,20.000000,0,0,0,20261009,20261010,100.000000,0.363000,20,32
loss_20,38,376,48066.737000,48066.878000,1,0,1,0,0.141000,100.000000,1,20.000000,0,0,0,20261009,20261010,100.000000,0.328000,20,33
loss_20,39,378,49132.966000,49133.286000,1,0,1,0,0.320000,100.000000,1,20.000000,0,0,0,20261009,20261010,100.000000,,21,33
loss_20,40,380,49191.809000,49301.305000,2,1,1,0,109.496000,100.000000,0,20.000000,0,0,0,20261009,20261010,100.000000,0.282000,22,33
loss_20,41,382,49359.777000,49359.874000,1,0,1,0,0.097000,100.000000,1,20.000000,0,0,0,20261009,20261010,100.000000,0.216000,22,33
loss_20,42,384,50418.645000,50419.001000,1,0,1,0,0.356000,100.000000,1,20.000000,0,0,0,20261009,20261010,100.000000,,22,34
loss_20,43,386,50476.617000,50476.789000,1,0,1,0,0.172000,100.000000,1,20.000000,0,0,0,20261009,20261010,100.000000,0.370000,22,34
loss_20,44,388,51540.790000,51649.692000,2,1,1,0,108.902000,100.000000,0,20.000000,0,0,0,20261009,20261010,100.000000,,23,36
loss_20,45,390,51703.198000,51812.897000,2,1,1,0,109.699000,100.000000,0,20.000000,0,0,0,20261009,20261010,100.000000,0.351000,24,36
loss_20,46,392,51872.101000,51872.237000,1,0,1,0,0.136000,100.000000,1,20.000000,0,0,0,20261009,20261010,100.000000,0.281000,24,36
loss_20,47,394,51927.320000,51927.490000,1,0,1,0,0.170000,100.000000,1,20.000000,0,0,0,20261009,20261010,100.000000,0.396000,24,36
loss_20,48,396,51980.789000,51980.932000,1,0,1,0,0.143000,100.000000,1,20.000000,0,0,0,20261009,20261010,100.000000,0.291000,24,36
loss_20,49,398,52033.297000,52138.547000,2,1,1,0,105.250000,100.000000,0,20.000000,0,0,0,20261009,20261010,100.000000,0.294000,24,37
loss_20,50,400,52198.938000,52199.061000,1,0,1,0,0.123000,100.000000,1,20.000000,0,0,0,20261009,20261010,100.000000,0.297000,24,37
delay_100_loss_5,1,402,52409.386000,52614.734000,1,0,1,0,205.348000,528.034375,1,5.000000,100,0,0,20261009,20261010,629.079000,209.693000,0,0
delay_100_loss_5,2,404,52878.277000,53083.675000,1,0,1,0,205.398000,394.736045,1,5.000000,100,0,0,20261009,20261010,453.286641,203.466000,0,0
delay_100_loss_5,3,406,53347.432000,53552.428000,1,0,1,0,204.996000,317.555203,1,5.000000,100,0,0,20261009,20261010,351.138278,204.549000,0,0
delay_100_loss_5,4,408,53812.815000,54016.923000,1,0,1,0,204.108000,273.932224,1,5.000000,100,0,0,20261009,20261010,293.096085,203.742000,0,0
delay_100_loss_5,5,410,54282.120000,54486.992000,1,0,1,0,204.872000,246.589025,1,5.000000,100,0,0,20261009,20261010,258.307683,205.098000,0,0
delay_100_loss_5,6,412,54746.660000,54951.522000,1,0,1,0,204.862000,231.235701,1,5.000000,100,0,0,20261009,20261010,238.539999,203.792000,0,0
delay_100_loss_5,7,414,56010.944000,56215.206000,1,0,1,0,204.262000,226.143077,1,5.000000,100,0,0,20261009,20261010,231.235701,,0,1
delay_100_loss_5,8,416,56479.457000,56683.096000,1,0,1,0,203.639000,218.988604,1,5.000000,100,0,0,20261009,20261010,221.313134,205.181000,0,1
delay_100_loss_5,9,418,56944.820000,57150.303000,1,0,1,0,205.483000,215.759611,1,5.000000,100,0,0,20261009,20261010,218.451707,201.961000,0,1
delay_100_loss_5,10,420,58211.595000,58415.950000,1,0,1,0,204.355000,213.558617,1,5.000000,100,0,0,20261009,20261010,215.759611,,1,1
delay_100_loss_5,11,422,58680.346000,58885.001000,1,0,1,0,204.655000,210.226980,1,5.000000,100,0,0,20261009,20261010,211.882602,204.291000,1,1
delay_100_loss_5,12,424,59950.277000,60596.837000,3,2,1,0,646.560000,210.226980,0,5.000000,100,0,0,20261009,20261010,210.226980,,3,2
delay_100_loss_5,13,426,60861.815000,61066.813000,1,0,1,0,204.998000,208.153221,1,5.000000,100,0,0,20261009,20261010,208.953782,204.853000,3,2
delay_100_loss_5,14,428,61328.014000,61532.387000,1,0,1,0,204.373000,207.151640,1,5.000000,100,0,0,20261009,20261010,207.451733,204.656000,3,2
delay_100_loss_5,15,430,61795.349000,61999.943000,1,0,1,0,204.594000,206.373699,1,5.000000,100,0,0,20261009,20261010,206.805746,204.444000,3,2
delay_100_loss_5,16,432,62261.369000,62466.016000,1,0,1,0,204.647000,206.699473,1,5.000000,100,0,0,20261009,20261010,207.220177,203.239000,3,2
delay_100_loss_5,17,434,62728.025000,62932.641000,1,0,1,0,204.616000,207.856407,1,5.000000,100,0,0,20261009,20261010,208.447691,201.905000,3,2
delay_100_loss_5,18,436,63195.033000,63399.232000,1,0,1,0,204.199000,206.400435,1,5.000000,100,0,0,20261009,20261010,207.087086,204.098000,3,2
delay_100_loss_5,19,438,63661.238000,63864.213000,1,0,1,0,202.975000,206.843225,1,5.000000,100,0,0,20261009,20261010,206.364026,203.647000,3,2
delay_100_loss_5,20,440,64933.934000,65139.312000,1,0,1,0,205.378000,207.676817,1,5.000000,100,0,0,20261009,20261010,206.843225,,3,3
delay_100_loss_5,21,442,65399.428000,65601.301000,1,0,1,0,201.873000,208.311130,1,5.000000,100,0,0,20261009,20261010,207.053352,203.891000,3,3
delay_100_loss_5,22,444,65866.454000,66069.641000,1,0,1,0,203.187000,208.119633,1,5.000000,100,0,0,20261009,20261010,208.533855,205.046000,3,3
delay_100_loss_5,23,446,66333.214000,66537.647000,1,0,1,0,204.433000,207.222644,1,5.000000,100,0,0,20261009,20261010,207.468779,203.444000,3,3
delay_100_loss_5,24,448,66796.669000,67219.152000,2,1,1,0,422.483000,206.451447,0,5.000000,100,0,0,20261009,20261010,206.451447,203.858000,4,3
delay_100_loss_5,25,450,67480.238000,67683.778000,1,0,1,0,203.540000,205.837357,1,5.000000,100,0,0,20261009,20261010,206.011971,204.086000,4,3
delay_100_loss_5,26,452,67948.712000,68380.031000,2,1,1,0,431.319000,206.402399,0,5.000000,100,0,0,20261009,20261010,206.402399,204.821000,4,4
delay_100_loss_5,27,454,69442.550000,69644.220000,1,0,1,0,201.670000,207.842651,1,5.000000,100,0,0,20261009,20261010,206.402399,,5,4
delay_100_loss_5,28,456,69901.069000,70106.563000,1,0,1,0,205.494000,208.749850,1,5.000000,100,0,0,20261009,20261010,207.619297,202.785000,5,4
delay_100_loss_5,29,458,70370.360000,70575.819000,1,0,1,0,205.459000,208.534331,1,5.000000,100,0,0,20261009,20261010,207.641276,203.694000,5,4
delay_100_loss_5,30,460,70830.609000,71035.958000,1,0,1,0,205.349000,208.399793,1,5.000000,100,0,0,20261009,20261010,207.935295,204.491000,5,4
delay_100_loss_5,31,462,71294.174000,71497.566000,1,0,1,0,203.392000,207.557454,1,5.000000,100,0,0,20261009,20261010,207.631658,204.480000,5,4
delay_100_loss_5,32,464,71757.929000,71963.109000,1,0,1,0,205.180000,208.100249,1,5.000000,100,0,0,20261009,20261010,208.057010,205.358000,5,4
delay_100_loss_5,33,466,72218.838000,72423.150000,1,0,1,0,204.312000,207.054354,1,5.000000,100,0,0,20261009,20261010,207.720117,204.898000,5,4
delay_100_loss_5,34,468,72679.166000,72882.409000,1,0,1,0,203.243000,207.706030,1,5.000000,100,0,0,20261009,20261010,207.636873,203.049000,5,4
delay_100_loss_5,35,470,73145.538000,73349.931000,1,0,1,0,204.393000,206.801674,1,5.000000,100,0,0,20261009,20261010,207.397639,204.667000,5,4
delay_100_loss_5,36,472,73611.423000,73815.904000,1,0,1,0,204.481000,206.162442,1,5.000000,100,0,0,20261009,20261010,206.399411,203.965000,5,4
delay_100_loss_5,37,474,74076.721000,74279.150000,1,0,1,0,202.429000,207.499041,1,5.000000,100,0,0,20261009,20261010,206.361636,204.843000,5,4
delay_100_loss_5,38,476,74534.541000,74739.231000,1,0,1,0,204.690000,206.906002,1,5.000000,100,0,0,20261009,20261010,206.890024,203.797000,5,4
delay_100_loss_5,39,478,74995.735000,75201.215000,1,0,1,0,205.480000,208.105565,1,5.000000,100,0,0,20261009,20261010,207.229019,202.960000,5,4
delay_100_loss_5,40,480,75456.623000,75660.756000,1,0,1,0,204.133000,206.421558,1,5.000000,100,0,0,20261009,20261010,207.138398,204.146000,5,4
delay_100_loss_5,41,482,75924.323000,76128.976000,1,0,1,0,204.653000,206.537223,1,5.000000,100,0,0,20261009,20261010,206.485114,203.441000,5,4
delay_100_loss_5,42,484,76387.230000,76590.868000,1,0,1,0,203.638000,206.494643,1,5.000000,100,0,0,20261009,20261010,206.582288,204.715000,5,4
delay_100_loss_5,43,486,76851.331000,77275.686000,2,1,1,0,424.355000,206.086231,0,5.000000,100,0,0,20261009,20261010,206.086231,203.937000,6,4
delay_100_loss_5,44,488,77537.627000,77742.391000,1,0,1,0,204.764000,206.374574,1,5.000000,100,0,0,20261009,20261010,206.239966,204.691000,6,4
delay_100_loss_5,45,490,78005.857000,78209.445000,1,0,1,0,203.588000,206.506883,1,5.000000,100,0,0,20261009,20261010,206.641756,203.351000,6,4
delay_100_loss_5,46,492,78470.803000,78675.744000,1,0,1,0,204.941000,208.594769,1,5.000000,100,0,0,20261009,20261010,208.389532,201.231000,6,5
delay_100_loss_5,47,494,78937.407000,79141.558000,1,0,1,0,204.151000,208.159786,1,5.000000,100,0,0,20261009,20261010,209.434275,205.669000,6,5
delay_100_loss_5,48,496,79405.017000,79608.813000,1,0,1,0,203.796000,207.074792,1,5.000000,100,0,0,20261009,20261010,207.857093,203.292000,6,6
delay_100_loss_5,49,498,79870.201000,80293.966000,2,1,1,0,423.765000,207.268794,0,5.000000,100,0,0,20261009,20261010,207.268794,204.838000,7,6
delay_100_loss_5,50,500,80554.229000,80758.431000,1,0,1,0,204.202000,206.388199,1,5.000000,100,0,0,20261009,20261010,207.055770,204.603000,7,6
jitter_loss_10,1,502,80859.677000,81114.597000,1,0,1,0,254.920000,425.475750,1,10.000000,0,20,150,20261009,20261010,302.598000,100.866000,0,0
jitter_loss_10,2,504,81351.542000,81604.186000,1,0,1,0,252.644000,482.622684,1,10.000000,0,20,150,20261009,20261010,412.945531,176.841000,0,0
jitter_loss_10,3,506,81868.082000,82042.849000,1,0,1,0,174.767000,418.172520,1,10.000000,0,20,150,20261009,20261010,471.715481,208.692000,0,0
jitter_loss_10,4,508,83111.286000,83242.004000,1,0,1,0,130.718000,372.583086,1,10.000000,0,20,150,20261009,20261010,418.172520,,0,1
jitter_loss_10,5,510,83586.110000,84328.120000,2,1,1,0,742.010000,472.402015,0,10.000000,0,20,150,20261009,20261010,472.402015,289.088000,1,1
jitter_loss_10,6,512,85389.750000,85564.381000,1,0,1,0,174.631000,403.415499,1,10.000000,0,20,150,20261009,20261010,472.402015,,2,2
jitter_loss_10,7,514,85784.438000,86055.424000,1,0,1,0,270.986000,422.540121,1,10.000000,0,20,150,20261009,20261010,352.932232,159.944000,2,2
jitter_loss_10,8,516,86246.811000,86334.001000,1,0,1,0,87.190000,421.214500,1,10.000000,0,20,150,20261009,20261010,400.151587,137.436000,2,2
jitter_loss_10,9,518,86568.825000,86643.185000,1,0,1,0,74.360000,399.779157,1,10.000000,0,20,150,20261009,20261010,370.848206,176.720000,2,2
jitter_loss_10,10,520,86832.902000,87020.861000,1,0,1,0,187.959000,341.807552,1,10.000000,0,20,150,20261009,20261010,351.839745,139.224000,2,2
jitter_loss_10,11,522,87185.446000,87338.443000,1,0,1,0,152.997000,295.890623,1,10.000000,0,20,150,20261009,20261010,340.701421,105.489000,2,2
jitter_loss_10,12,524,87495.355000,87578.696000,1,0,1,0,83.341000,315.828461,1,10.000000,0,20,150,20261009,20261010,300.842747,103.791000,2,2
jitter_loss_10,13,526,87821.576000,87932.226000,1,0,1,0,110.650000,310.896834,1,10.000000,0,20,150,20261009,20261010,328.188729,187.951000,2,2
jitter_loss_10,14,528,88990.846000,89833.030000,3,2,1,0,842.184000,310.896834,0,10.000000,0,20,150,20261009,20261010,310.896834,,3,5
jitter_loss_10,15,530,90901.780000,91104.811000,1,0,1,0,203.031000,339.520048,1,10.000000,0,20,150,20261009,20261010,310.896834,,4,5
jitter_loss_10,16,532,91358.873000,91556.255000,1,0,1,0,197.382000,346.662327,1,10.000000,0,20,150,20261009,20261010,345.107375,195.092000,4,5
jitter_loss_10,17,534,91833.154000,91996.975000,1,0,1,0,163.821000,317.193509,1,10.000000,0,20,150,20261009,20261010,364.850630,216.789000,4,5
jitter_loss_10,18,536,92245.522000,92446.024000,1,0,1,0,200.502000,312.133310,1,10.000000,0,20,150,20261009,20261010,313.310242,196.025000,4,5
jitter_loss_10,19,538,92735.361000,93214.724000,2,1,1,0,479.363000,340.192594,0,10.000000,0,20,150,20261009,20261010,340.192594,229.231000,4,6
jitter_loss_10,20,540,93435.971000,93539.304000,1,0,1,0,103.333000,346.252915,1,10.000000,0,20,150,20261009,20261010,314.638476,164.009000,4,6
jitter_loss_10,21,542,93770.352000,93948.474000,1,0,1,0,178.122000,285.320988,1,10.000000,0,20,150,20261009,20261010,311.685400,177.670000,4,6
jitter_loss_10,22,544,94138.522000,94356.613000,1,0,1,0,218.091000,318.853381,1,10.000000,0,20,150,20261009,20261010,291.777374,131.081000,4,6
jitter_loss_10,23,546,94537.979000,94969.552000,2,1,1,0,431.573000,326.710735,0,10.000000,0,20,150,20261009,20261010,326.710735,121.825000,4,8
jitter_loss_10,24,548,96028.758000,96307.054000,1,0,1,0,278.296000,412.649620,1,10.000000,0,20,150,20261009,20261010,326.710735,,5,8
jitter_loss_10,25,550,96533.851000,96668.758000,1,0,1,0,134.907000,356.912777,1,10.000000,0,20,150,20261009,20261010,365.170825,168.116000,5,8
jitter_loss_10,26,552,96852.953000,97040.186000,1,0,1,0,187.233000,327.342093,1,10.000000,0,20,150,20261009,20261010,351.063128,127.470000,5,8
jitter_loss_10,27,554,97353.559000,97561.865000,1,0,1,0,208.306000,368.366181,1,10.000000,0,20,150,20261009,20261010,390.283380,260.910000,5,8
jitter_loss_10,28,556,97866.225000,98134.431000,1,0,1,0,268.206000,432.210591,1,10.000000,0,20,150,20261009,20261010,399.472264,253.187000,5,8
jitter_loss_10,29,558,98275.236000,98450.099000,1,0,1,0,174.863000,418.959512,1,10.000000,0,20,150,20261009,20261010,481.503438,80.728000,5,8
jitter_loss_10,30,560,98692.033000,98850.179000,1,0,1,0,158.146000,345.917871,1,10.000000,0,20,150,20261009,20261010,366.066412,190.630000,5,8
jitter_loss_10,31,562,99092.636000,99260.681000,1,0,1,0,168.045000,288.022201,1,10.000000,0,20,150,20261009,20261010,305.646007,183.332000,5,8
jitter_loss_10,32,564,99437.119000,99608.475000,1,0,1,0,171.356000,280.539357,1,10.000000,0,20,150,20261009,20261010,313.519916,121.402000,5,8
jitter_loss_10,33,566,99821.941000,99976.009000,1,0,1,0,154.068000,260.399219,1,10.000000,0,20,150,20261009,20261010,270.519010,154.173000,5,8
jitter_loss_10,34,568,100245.523000,100442.343000,1,0,1,0,196.820000,285.944801,1,10.000000,0,20,150,20261009,20261010,289.786774,215.309000,5,9
jitter_loss_10,35,570,101507.738000,101723.677000,1,0,1,0,215.939000,302.147231,1,10.000000,0,20,150,20261009,20261010,285.944801,,5,10
jitter_loss_10,36,572,101974.478000,102081.175000,1,0,1,0,106.697000,330.103091,1,10.000000,0,20,150,20261009,20261010,288.536694,196.784000,5,10
jitter_loss_10,37,574,102231.436000,102381.406000,1,0,1,0,149.970000,322.289835,1,10.000000,0,20,150,20261009,20261010,357.272724,98.842000,5,11
jitter_loss_10,38,576,102646.590000,102863.004000,1,0,1,0,216.414000,343.504604,1,10.000000,0,20,150,20261009,20261010,329.761921,205.094000,5,11
jitter_loss_10,39,578,103184.675000,103786.694000,2,1,1,0,602.019000,399.337534,0,10.000000,0,20,150,20261009,20261010,399.337534,261.557000,6,11
jitter_loss_10,40,580,104853.458000,105400.882000,2,1,1,0,547.424000,399.337534,0,10.000000,0,20,150,20261009,20261010,399.337534,,6,13
jitter_loss_10,41,582,105620.553000,106185.391000,2,1,1,0,564.838000,368.293966,0,10.000000,0,20,150,20261009,20261010,368.293966,159.544000,6,14
jitter_loss_10,42,584,107245.630000,107445.877000,1,0,1,0,200.247000,342.226016,1,10.000000,0,20,150,20261009,20261010,368.293966,,7,14
jitter_loss_10,43,586,107699.325000,107801.217000,1,0,1,0,101.892000,360.984546,1,10.000000,0,20,150,20261009,20261010,320.733831,200.293000,7,14
jitter_loss_10,44,588,108073.430000,108657.047000,2,1,1,0,583.617000,355.575806,0,10.000000,0,20,150,20261009,20261010,355.575806,212.106000,7,15
jitter_loss_10,45,590,108957.516000,109438.498000,2,1,1,0,480.982000,388.202638,0,10.000000,0,20,150,20261009,20261010,388.202638,248.248000,7,17
jitter_loss_10,46,592,110503.537000,111049.665000,2,1,1,0,546.128000,388.202638,0,10.000000,0,20,150,20261009,20261010,388.202638,,8,18
jitter_loss_10,47,594,111246.049000,111804.764000,2,1,1,0,558.715000,384.310597,0,10.000000,0,20,150,20261009,20261010,384.310597,136.262000,8,19
jitter_loss_10,48,596,112862.929000,113049.321000,1,0,1,0,186.392000,338.478548,1,10.000000,0,20,150,20261009,20261010,384.310597,,9,19
jitter_loss_10,49,598,113248.406000,113429.867000,1,0,1,0,181.461000,300.802636,1,10.000000,0,20,150,20261009,20261010,336.003986,141.077000,9,19
jitter_loss_10,50,600,114498.232000,114601.980000,1,0,1,0,103.748000,335.102405,1,10.000000,0,20,150,20261009,20261010,300.802636,,9,20
